<?xml version="1.0" encoding="UTF-8"?>
<project-private xmlns="http://www.netbeans.org/ns/project-private/1">
    <editor-bookmarks xmlns="http://www.netbeans.org/ns/editor-bookmarks/2" lastBookmarkId="0"/>
    <open-files xmlns="http://www.netbeans.org/ns/projectui-open-files/2">
        <group>
            <file>file:/D:/SimpleTetris/src/simpletetris/SimpleTetris.java</file>
            <file>file:/D:/SimpleTetris/src/simpletetris/KeyHandler.java</file>
            <file>file:/D:/SimpleTetris/src/mino/Mino.java</file>
            <file>file:/D:/SimpleTetris/src/simpletetris/PlayManager.java</file>
            <file>file:/D:/SimpleTetris/src/simpletetris/MainMenu.java</file>
            <file>file:/D:/SimpleTetris/src/mino/Block.java</file>
            <file>file:/D:/SimpleTetris/src/simpletetris/GamePanel.java</file>
        </group>
    </open-files>
</project-private>
